<?xml version="1.0" encoding="utf-8"?>
<selector xmlns:android="http://schemas.android.com/apk/res/android">
    <item>
        <shape android:shape="rectangle">
            <stroke android:color="#f1e4e4" android:width="1dp" />
            <solid android:color="#fff" />
        </shape>
    </item>
    <item android:state_pressed="true">
        <shape android:shape="rectangle">
            <stroke android:color="#f1e4e4" android:width="1dp" />
            <solid android:color="@color/gray" />
        </shape>
    </item>
</selector>